<?xml version="1.0" standalone="yes"?>
<NewDataSet>
	<Invoice>
    <Name>Max M.M.</Name>
    <Details>yes</Details>
    <Model>Samsung galaxy s5</Model>
    <Price>150</Price>
  </Invoice>
	<Invoice>
	<Name>Dana D.D.</Name>
	<Details>yes</Details>
	<Model>Xiaomi Redmi Note 10 pro</Model>
	<Price>35</Price>
  </Invoice>
	<Invoice>
	<Name>Artem A.A.</Name>
	<Details>no</Details>
	<Model>Lenovo ideapad gaming 3</Model>
	<Price>70</Price>
  </Invoice>
	<Invoice>
	<Name>Dima D.D.</Name>
	<Details>yes</Details>
	<Model>Asus Vivobook 15</Model>
	<Price>100</Price>
  </Invoice>
	<Invoice>
	<Name>Danya D.D.</Name>
	<Details>no</Details>
	<Model>Samsung Odyssey G7</Model>
	<Price>115</Price>
  </Invoice>
	<Invoice />
</NewDataSet>