<?xml version="1.0" encoding="utf-8" standalone="yes"?>
<NewDataSet>
  <Employee>
    <Name>Ivan Ivanov</Name>
    <Age>30</Age>
    <Programmer>True</Programmer>
  </Employee>
  <Employee>
    <Name>Max</Name>
    <Age>17</Age>
    <Programmer>False</Programmer>
  </Employee>
  <Employee>
    <Name>Danya Kotin</Name>
    <Age>18</Age>
    <Programmer>True</Programmer>
  </Employee>
  <Employee>
    <Name>Kremenchutska Dana</Name>
    <Age>18</Age>
    <Programmer>False</Programmer>
  </Employee>
  <Employee />
</NewDataSet>